{"mean": [45.33650952858576, 20.136659979939818, 72.67251755265798, 93166.54137412236, 1.9560640254095618, 57.57522567703109], "scale": [11.549991687316954, 11.489742059572954, 44.84687059749105, 1749.1214140839218, 1.7455486417953077, 102.66925067016777]}